time_sec,gps_x,gps_y,battery_pct,left_enc,right_enc,distance_m,behaviour,sonar_0,sonar_1,sonar_2,cam_score,clean_phase,wp_index
12.0,1.78,-0.78,98.4,-1.1900,1.2200,1.021,CLEAN,1.000,1.000,1.000,0.372,NAVIGATING,0
15.0,1.79,-0.71,98.0,-1.5400,1.3400,1.814,CLEAN,1.000,1.000,1.000,0.385,NAVIGATING,0
17.0,1.76,-0.68,97.7,-0.3100,1.3100,2.541,CLEAN,1.000,1.000,1.000,0.324,NAVIGATING,1
20.0,1.67,-0.58,97.3,-1.2200,2.4100,3.198,CLEAN,0.900,1.000,1.000,0.278,NAVIGATING,1
26.0,1.96,-1.52,96.5,-2.3700,1.8500,4.683,CLEAN,0.300,0.300,0.400,0.352,NAVIGATING,3
29.0,1.91,-1.57,96.1,-1.2400,1.7300,5.370,CLEAN,0.600,0.600,0.600,0.284,NAVIGATING,3
36.0,0.28,-1.31,95.2,-2.5000,-1.1200,8.152,CLEAN,0.900,1.000,1.000,0.312,NAVIGATING,4
39.0,-0.12,-1.28,94.8,-0.5300,0.8800,9.422,CLEAN,0.900,1.000,1.000,0.388,NAVIGATING,4
41.0,-0.57,-1.25,94.5,0.9500,2.1300,10.313,CLEAN,0.900,1.000,1.000,0.357,NAVIGATING,5
44.0,-0.57,-1.25,94.1,2.4200,1.2800,11.180,CLEAN,1.000,1.000,0.500,0.327,NAVIGATING,5
46.0,-0.62,-1.23,93.9,1.8300,0.9400,11.699,CLEAN,1.000,1.000,0.500,0.294,NAVIGATING,5
48.0,-0.62,-1.23,93.6,1.3500,2.0400,12.402,CLEAN,1.000,0.900,0.900,0.302,NAVIGATING,6
51.0,-0.71,-1.17,93.2,2.8400,1.4200,13.256,CLEAN,1.000,1.000,0.500,0.407,NAVIGATING,6
53.0,-0.52,-1.12,92.9,3.5700,1.6700,13.934,CLEAN,1.000,0.400,1.000,0.408,NAVIGATING,7
56.0,-0.52,-1.05,92.5,3.0700,2.7900,14.606,CLEAN,1.000,1.000,1.000,0.413,NAVIGATING,7
58.0,-0.59,-1.00,92.3,2.7000,4.1900,15.372,CLEAN,1.000,1.000,1.000,0.363,NAVIGATING,7
60.0,-0.79,-1.00,92.0,3.1100,4.8100,16.127,CLEAN,0.800,0.800,1.000,0.388,NAVIGATING,8
63.0,-1.18,-0.76,91.6,4.9400,6.8500,17.367,CLEAN,0.500,0.600,1.000,0.334,NAVIGATING,8
65.0,-1.52,-0.61,91.3,6.3100,7.6200,18.208,CLEAN,0.500,0.700,0.700,0.469,NAVIGATING,9
68.0,-1.47,-0.57,90.9,7.4100,7.1100,18.896,CLEAN,0.900,0.900,1.000,0.339,NAVIGATING,9
70.0,-1.52,-0.66,90.7,6.0400,7.5500,19.627,CLEAN,0.700,0.700,0.800,0.340,NAVIGATING,9
73.0,-1.62,-0.60,90.3,6.9700,7.7500,20.249,CLEAN,0.600,0.600,0.900,0.423,NAVIGATING,10
75.0,-1.53,-0.50,90.0,8.2600,7.1800,21.064,CLEAN,0.800,1.000,1.000,0.389,NAVIGATING,10
78.0,-1.20,-0.49,89.6,9.1200,8.9000,22.111,CLEAN,0.900,0.900,1.000,0.345,NAVIGATING,11
81.0,-1.25,-0.39,89.3,8.6100,10.2400,22.841,CLEAN,0.800,0.900,1.000,0.353,NAVIGATING,11
83.0,-1.16,-0.49,88.9,7.5900,10.2200,23.623,CLEAN,1.000,0.700,0.700,0.372,NAVIGATING,12
88.0,-1.44,-1.13,88.3,7.1000,9.3800,25.202,CLEAN,1.000,1.000,0.500,0.328,NAVIGATING,12
92.0,-1.51,-1.24,87.7,7.1400,9.1300,26.001,AVOID,0.400,0.200,0.100,0.000,NAVIGATING,20
95.0,-1.44,-1.19,87.3,7.7900,8.5200,26.640,AVOID,0.100,0.800,0.900,0.334,NAVIGATING,20
98.0,-1.46,-1.14,86.9,7.8300,8.8800,27.280,AVOID,0.100,0.700,0.800,0.370,NAVIGATING,20
100.0,-1.41,-1.15,86.7,7.4100,8.9500,27.727,AVOID,0.200,0.100,0.200,0.277,NAVIGATING,20
102.0,-1.45,-1.10,86.4,7.7900,9.2100,28.339,AVOID,0.100,0.400,0.800,0.421,NAVIGATING,20
107.0,-1.43,-0.98,85.7,8.9800,9.0200,29.345,CLEAN,0.800,1.000,1.000,0.455,NAVIGATING,21
109.0,-1.20,-0.76,85.5,10.5700,9.7900,30.181,CLEAN,1.000,1.000,1.000,0.353,NAVIGATING,21
113.0,-0.95,-0.57,84.9,12.3400,10.4400,31.304,CLEAN,1.000,1.000,0.600,0.395,NAVIGATING,0
115.0,-0.94,-0.64,84.7,13.4100,10.3800,31.952,CLEAN,1.000,1.000,1.000,0.353,NAVIGATING,0
117.0,-0.97,-0.61,84.4,13.3300,9.7200,32.455,CLEAN,0.700,1.000,1.000,0.329,NAVIGATING,0
120.0,-1.06,-0.66,84.0,13.3800,10.4900,33.322,CLEAN,1.000,1.000,1.000,0.345,NAVIGATING,1
127.0,-0.04,-1.83,83.1,10.8700,9.4400,35.798,CLEAN,1.000,1.000,1.000,0.390,NAVIGATING,2
132.0,0.81,-1.58,82.4,11.2100,10.1400,36.731,CLEAN,1.000,1.000,1.000,0.359,NAVIGATING,3
138.0,1.43,-0.85,81.6,9.2800,9.8200,38.383,CLEAN,1.000,1.000,1.000,0.308,NAVIGATING,4
140.0,1.17,-0.84,81.3,9.8700,11.4000,39.436,CLEAN,1.000,1.000,1.000,0.452,NAVIGATING,4
150.0,-0.99,-1.27,80.0,5.6500,8.0100,42.658,CLEAN,1.000,1.000,0.900,0.373,NAVIGATING,5
157.0,0.28,-1.17,79.1,2.6100,6.8500,45.186,CLEAN,1.000,1.000,1.000,0.390,NAVIGATING,6
160.0,0.81,-1.05,78.7,4.1700,8.4200,46.188,CLEAN,1.000,1.000,1.000,0.433,NAVIGATING,6
162.0,1.20,-0.96,78.4,6.1200,10.4100,47.449,CLEAN,0.800,0.800,0.900,0.720,NAVIGATING,6
165.0,1.44,-0.90,78.0,5.7600,11.8900,48.346,CLEAN,1.000,1.000,0.900,0.246,NAVIGATING,7
172.0,0.72,-0.05,77.1,3.2200,9.1600,50.847,CLEAN,1.000,1.000,1.000,0.407,NAVIGATING,8
175.0,0.21,-0.11,76.7,3.9500,9.9100,52.006,CLEAN,0.300,0.300,1.000,0.296,NAVIGATING,8
184.0,-1.94,-0.10,75.5,0.9100,5.7600,54.670,AVOID,0.400,0.200,0.200,0.000,NAVIGATING,20
187.0,-2.05,-0.08,75.1,1.5600,5.7000,55.311,AVOID,0.100,1.000,0.200,0.345,NAVIGATING,20
190.0,-2.08,-0.09,74.7,1.4300,5.6600,56.019,AVOID,0.100,0.100,0.200,0.255,NAVIGATING,20
192.0,-2.07,-0.13,74.4,1.2100,5.6000,56.510,AVOID,0.100,0.100,0.100,0.000,NAVIGATING,20
194.0,-2.08,-0.10,74.1,1.5700,5.7700,57.114,AVOID,0.100,0.100,0.200,0.313,NAVIGATING,20
199.0,-2.00,-0.15,73.5,2.8300,4.9700,58.255,CLEAN,0.600,1.000,1.000,0.365,NAVIGATING,20
201.0,-1.90,0.00,73.2,2.7500,6.4700,59.021,CLEAN,0.300,0.400,0.800,0.343,NAVIGATING,20
204.0,-1.93,0.30,72.8,4.4300,7.1600,60.070,CLEAN,0.300,0.700,1.000,0.452,NAVIGATING,21
206.0,-1.81,0.39,72.5,5.5000,7.2000,60.723,AVOID,1.000,0.100,0.800,0.382,NAVIGATING,21
210.0,-1.64,0.32,72.0,5.5500,5.1600,61.857,CLEAN,1.000,1.000,1.000,0.368,NAVIGATING,0
213.0,-1.56,0.32,71.6,6.7200,4.9000,62.521,CLEAN,1.000,0.500,1.000,0.346,NAVIGATING,0
217.0,-1.27,0.09,71.2,6.3100,5.1700,63.492,CLEAN,1.000,1.000,1.000,0.423,NAVIGATING,1
219.0,-0.96,-0.10,70.8,7.9400,7.2500,64.710,CLEAN,1.000,1.000,0.800,0.334,NAVIGATING,1
223.0,-0.59,-0.26,70.3,9.0000,9.3400,65.956,CLEAN,0.600,1.000,1.000,0.358,NAVIGATING,2
225.0,-0.29,-0.32,70.0,10.5800,9.9100,66.841,CLEAN,1.000,1.000,1.000,0.463,NAVIGATING,2
230.0,-0.16,-0.40,69.3,10.2000,11.2000,68.145,CLEAN,0.900,1.000,1.000,0.299,NAVIGATING,20
233.0,-0.25,-0.48,68.9,8.8800,12.5200,68.989,CLEAN,0.800,0.800,0.800,0.366,NAVIGATING,20
239.0,-1.26,-0.77,68.1,7.3500,10.1400,71.352,CLEAN,0.400,0.900,1.000,0.352,NAVIGATING,21
247.0,-0.36,0.27,67.1,7.0200,8.2100,73.007,CLEAN,1.000,1.000,1.000,0.334,NAVIGATING,0
254.0,0.76,0.03,66.1,6.2900,6.2600,74.822,CLEAN,0.800,0.600,1.000,0.353,NAVIGATING,1
261.0,0.91,-0.09,65.2,4.9500,7.9700,76.336,CLEAN,1.000,1.000,1.000,0.385,NAVIGATING,2
265.0,0.81,0.00,64.7,4.4200,9.5700,77.535,CLEAN,1.000,0.800,0.700,0.380,NAVIGATING,2
275.0,0.35,0.68,63.3,3.9000,7.8900,79.465,CLEAN,1.000,1.000,1.000,0.331,NAVIGATING,3
282.0,-0.39,0.85,62.4,0.6100,5.5500,82.076,CLEAN,1.000,0.400,1.000,0.424,NAVIGATING,4
285.0,-0.45,0.75,62.0,2.2400,7.0300,83.073,CLEAN,1.000,1.000,1.000,0.329,NAVIGATING,4
288.0,-0.52,0.71,61.6,4.1500,8.9700,84.314,CLEAN,1.000,0.800,1.000,0.268,NAVIGATING,5
308.0,-0.75,0.73,58.9,8.3400,7.3900,87.343,AVOID,1.000,0.100,1.000,0.350,NAVIGATING,16
311.0,-0.71,0.72,58.5,8.2800,6.3100,87.803,AVOID,1.000,0.100,0.700,0.340,NAVIGATING,20
317.0,-0.26,0.46,57.7,9.2800,5.5200,89.159,CLEAN,0.400,1.000,1.000,0.351,NAVIGATING,20
319.0,-0.20,0.48,57.5,10.2100,5.4000,89.845,CLEAN,1.000,1.000,1.000,0.351,NAVIGATING,20
325.0,-0.12,1.22,56.7,10.0500,5.3700,91.099,CLEAN,1.000,1.000,1.000,0.310,NAVIGATING,21
330.0,0.19,1.31,56.0,10.2400,5.2300,92.948,CLEAN,0.900,1.000,0.900,0.458,NAVIGATING,0
345.0,1.20,1.65,54.0,6.1300,0.5000,96.257,CLEAN,1.000,1.000,1.000,0.314,NAVIGATING,1
348.0,1.21,1.63,53.6,6.6700,-0.8000,97.057,CLEAN,1.000,0.700,0.600,0.342,NAVIGATING,1
350.0,1.23,1.68,53.3,7.7400,-0.9400,97.687,CLEAN,0.500,0.500,0.600,0.412,NAVIGATING,2
353.0,1.28,1.64,52.9,8.4700,-1.2300,98.292,CLEAN,0.900,0.900,0.900,0.303,WAITING_GPS,2
355.0,1.20,1.67,52.7,7.3100,-0.7900,98.926,CLEAN,0.600,0.500,0.600,0.260,WAITING_GPS,3
360.0,1.76,1.46,52.0,6.4800,-2.4100,100.462,CLEAN,0.400,0.400,0.400,0.395,WAITING_GPS,3
364.0,1.84,1.19,51.5,7.5600,-3.7700,101.314,AVOID,0.200,0.100,0.100,0.000,WAITING_GPS,16
367.0,1.80,1.06,51.1,7.8500,-5.1300,102.172,AVOID,0.100,1.000,0.100,0.290,WAITING_GPS,20
376.0,-0.07,1.22,49.9,5.8400,-9.4400,105.389,CLEAN,0.900,0.900,1.000,0.349,WAITING_GPS,20
403.0,-0.45,1.51,46.3,3.1600,-12.6500,109.519,CLEAN,0.900,1.000,1.000,0.349,WAITING_GPS,21
405.0,-0.55,1.48,46.0,3.8000,-13.3400,110.168,CLEAN,0.900,0.200,0.800,0.311,WAITING_GPS,21
408.0,-0.48,1.56,45.6,5.1900,-13.8500,110.970,CLEAN,0.700,0.700,0.700,0.331,WAITING_GPS,21
410.0,-0.24,1.58,45.3,6.7200,-13.5500,111.776,CLEAN,1.000,1.000,1.000,0.429,NAVIGATING,0
423.0,-0.34,-0.49,43.6,2.9900,-18.1800,115.211,AVOID,0.100,0.100,0.100,0.401,NAVIGATING,20
426.0,-0.47,-0.21,43.2,3.1200,-17.9600,116.431,CLEAN,1.000,0.300,0.300,0.310,NAVIGATING,20
429.0,-0.45,-0.25,42.8,4.1600,-18.9900,117.093,CLEAN,1.000,1.000,1.000,0.357,NAVIGATING,20
433.0,-0.59,-0.16,42.3,5.2000,-20.3200,118.586,CLEAN,1.000,0.500,1.000,0.360,NAVIGATING,21
436.0,-0.31,0.08,41.9,6.7700,-19.3900,119.454,CLEAN,1.000,1.000,1.000,0.417,NAVIGATING,21
440.0,0.18,0.46,41.3,7.7100,-19.6000,120.874,CLEAN,1.000,1.000,1.000,0.417,NAVIGATING,0
453.0,1.92,-1.78,39.6,2.5900,-26.0300,125.646,WANDER,0.300,0.400,0.300,0.275,WAITING_GPS,0
455.0,1.96,-2.04,39.3,3.4900,-26.3500,126.552,AVOID,0.100,0.100,0.200,0.238,WAITING_GPS,0
458.0,2.00,-2.02,38.9,3.0300,-26.3600,127.138,AVOID,0.100,0.200,0.200,0.314,WAITING_GPS,0
461.0,2.05,-2.02,38.7,3.3700,-26.6900,127.648,AVOID,0.100,0.100,0.200,0.313,WAITING_GPS,0
463.0,2.05,-2.05,38.3,3.3300,-26.4900,128.294,AVOID,0.100,0.100,0.100,0.261,WAITING_GPS,0
467.0,1.88,-2.01,37.7,4.8000,-25.8100,129.410,WANDER,0.200,0.300,0.700,0.418,WAITING_GPS,0
469.0,1.48,-1.95,37.5,6.4000,-24.2100,130.434,WANDER,0.200,0.400,0.800,0.401,WAITING_GPS,0
472.0,0.99,-1.89,37.1,8.3800,-22.2200,131.704,WANDER,0.300,0.500,0.900,0.374,WAITING_GPS,0
474.0,0.51,-1.83,36.8,9.9000,-20.7100,132.673,WANDER,0.400,0.500,1.000,0.442,WAITING_GPS,0
476.0,0.15,-1.78,36.5,11.7000,-18.9100,133.825,WANDER,0.400,0.600,1.000,0.372,WAITING_GPS,0
479.0,-0.33,-1.72,36.1,13.6900,-16.9100,135.101,WANDER,0.500,0.700,1.000,0.316,WAITING_GPS,0
482.0,-0.83,-1.65,35.7,15.6400,-14.9700,136.103,WANDER,0.600,0.800,0.700,0.342,WAITING_GPS,0
485.0,-1.32,-1.59,35.3,17.4900,-13.8700,137.613,WANDER,0.400,0.300,0.200,0.336,WAITING_GPS,0
487.0,-1.43,-1.61,35.1,17.9200,-14.2400,138.269,AVOID,0.200,1.000,0.200,0.233,WAITING_GPS,0
490.0,-1.41,-1.61,34.7,18.2500,-14.5800,138.928,AVOID,0.200,0.200,0.300,0.250,WAITING_GPS,0
493.0,-1.42,-1.28,34.3,19.9700,-13.8900,140.054,WANDER,0.200,0.900,1.000,0.382,WAITING_GPS,0
495.0,-1.42,-1.17,34.0,19.5900,-13.6000,140.618,AVOID,0.200,0.200,0.200,0.342,WAITING_GPS,0
498.0,-1.43,-1.11,33.6,19.5400,-13.2800,141.295,AVOID,0.300,0.200,0.200,0.379,WAITING_GPS,0
500.0,-1.42,-1.12,33.3,19.7500,-13.0100,141.964,AVOID,0.200,0.100,0.100,0.338,WAITING_GPS,0
504.0,-1.54,-1.03,32.8,19.6200,-13.4900,142.686,AVOID,0.100,0.600,0.600,0.398,WAITING_GPS,0
508.0,-2.09,-0.75,32.3,18.8500,-14.6400,144.129,AVOID,0.100,0.100,0.200,0.177,WAITING_GPS,0
512.0,-2.16,-0.57,31.7,19.6200,-13.7700,145.125,AVOID,1.000,0.100,0.100,0.321,WAITING_GPS,0
523.0,-2.06,1.77,30.3,14.7800,-18.4400,148.448,AVOID,0.100,0.100,0.200,0.381,WAITING_GPS,0
525.0,-2.04,1.73,30.0,14.7500,-18.8400,149.135,AVOID,0.200,0.200,0.200,0.374,WAITING_GPS,0
528.0,-2.03,2.04,29.6,16.4700,-18.2200,150.201,AVOID,0.200,0.200,0.100,0.000,WAITING_GPS,0
531.0,-1.95,2.16,29.2,17.2900,-19.4000,151.051,AVOID,0.100,1.000,0.100,0.111,WAITING_GPS,0
544.0,-0.05,2.01,27.5,12.7500,-27.2500,155.717,WANDER,0.200,0.300,0.500,0.431,WAITING_GPS,0
549.0,-0.05,1.91,26.8,14.9400,-29.1900,157.237,WANDER,0.600,1.000,1.000,0.380,WAITING_GPS,0
564.0,-0.06,1.50,24.8,15.3400,-33.2600,160.189,WANDER,1.000,1.000,1.000,0.330,WAITING_GPS,0
567.0,0.12,1.31,24.4,16.9400,-31.6700,161.210,WANDER,0.900,0.900,1.000,0.351,WAITING_GPS,0
569.0,0.23,1.31,24.1,18.8800,-29.7200,162.454,WANDER,0.900,1.000,0.900,0.463,WAITING_GPS,0
576.0,0.12,1.21,23.2,21.5100,-26.9600,164.621,WANDER,1.000,1.000,1.000,0.316,WAITING_GPS,0
579.0,0.34,1.32,22.8,23.5000,-24.9700,165.894,WANDER,1.000,1.000,0.900,0.462,WAITING_GPS,0
586.0,1.01,1.08,21.9,25.7100,-25.1000,167.414,WANDER,1.000,1.000,0.400,0.453,WAITING_GPS,0
588.0,1.39,0.99,21.6,27.6000,-23.2500,168.611,AVOID,0.800,0.500,0.100,0.000,WAITING_GPS,0
591.0,1.38,1.11,21.2,27.3200,-24.3300,169.317,AVOID,0.200,0.100,0.200,0.365,WAITING_GPS,0
595.0,1.35,0.95,20.7,26.9700,-24.4300,170.354,AVOID,0.100,1.000,0.100,0.349,WAITING_GPS,0
603.0,1.22,-0.46,19.6,24.5200,-27.7200,172.602,TRACK,1.000,1.000,1.000,0.400,WAITING_GPS,0
605.0,1.36,-0.57,19.3,25.0100,-26.4000,173.259,TRACK,0.400,0.700,0.800,0.883,WAITING_GPS,0
